{
  "ants": {
    "precision": 0.6851851851851852,
    "recall": 0.37373737373737376,
    "f1-score": 0.48366013071895425,
    "support": 99.0
  },
  "bees": {
    "precision": 0.592,
    "recall": 0.74,
    "f1-score": 0.6577777777777778,
    "support": 100.0
  },
  "beetle": {
    "precision": 0.21052631578947367,
    "recall": 0.04819277108433735,
    "f1-score": 0.0784313725490196,
    "support": 83.0
  },
  "catterpillar": {
    "precision": 0.2711864406779661,
    "recall": 0.18604651162790697,
    "f1-score": 0.2206896551724138,
    "support": 86.0
  },
  "earthworms": {
    "precision": 0.3118279569892473,
    "recall": 0.453125,
    "f1-score": 0.36942675159235666,
    "support": 64.0
  },
  "earwig": {
    "precision": 0.4230769230769231,
    "recall": 0.11827956989247312,
    "f1-score": 0.18487394957983194,
    "support": 93.0
  },
  "grasshopper": {
    "precision": 0.37037037037037035,
    "recall": 0.30927835051546393,
    "f1-score": 0.33707865168539325,
    "support": 97.0
  },
  "moth": {
    "precision": 0.3015267175572519,
    "recall": 0.797979797979798,
    "f1-score": 0.4376731301939058,
    "support": 99.0
  },
  "slug": {
    "precision": 0.15,
    "recall": 0.11538461538461539,
    "f1-score": 0.13043478260869565,
    "support": 78.0
  },
  "snail": {
    "precision": 0.45544554455445546,
    "recall": 0.46,
    "f1-score": 0.4577114427860697,
    "support": 100.0
  },
  "wasp": {
    "precision": 0.9841269841269841,
    "recall": 0.6262626262626263,
    "f1-score": 0.7654320987654321,
    "support": 99.0
  },
  "weevil": {
    "precision": 0.5921052631578947,
    "recall": 0.9278350515463918,
    "f1-score": 0.7228915662650602,
    "support": 97.0
  },
  "accuracy": 0.44474885844748857,
  "macro avg": {
    "precision": 0.445614808457146,
    "recall": 0.429676805669249,
    "f1-score": 0.40384010914124263,
    "support": 1095.0
  },
  "weighted avg": {
    "precision": 0.461202376173568,
    "recall": 0.44474885844748857,
    "f1-score": 0.4181328041355611,
    "support": 1095.0
  }
}