{
  "classes": [
    "ants",
    "bees",
    "beetle",
    "catterpillar",
    "earthworms",
    "earwig",
    "grasshopper",
    "moth",
    "slug",
    "snail",
    "wasp",
    "weevil"
  ],
  "num_classes": 12,
  "best_val_acc": 44.47488486766815,
  "best_epoch": 60,
  "total_epochs": 85,
  "config": {
    "data_dir": "datasets",
    "model_save_path": "models/saved_models",
    "epochs": 150,
    "learning_rate": 0.0003,
    "batch_size": 8,
    "img_size": 224,
    "validation_split": 0.2,
    "patience": 25,
    "min_epochs": 30
  },
  "model_type": "TensorFlowCNN",
  "training_completed": true,
  "total_training_time_minutes": 602.9174726684888,
  "optimization_features": [
    "Heavy data augmentation",
    "Class weighting for imbalance",
    "AdamW optimizer with weight decay",
    "Learning rate scheduling",
    "Early stopping with patience",
    "Batch normalization",
    "Dropout regularization"
  ],
  "class_weights": {
    "0": 0.91750167000668,
    "1": 0.9156666666666666,
    "2": 1.1005608974358974,
    "3": 1.0549155145929339,
    "4": 1.4174406604747163,
    "5": 0.9824749642346209,
    "6": 0.9439862542955326,
    "7": 0.9211938296445339,
    "8": 1.170929241261722,
    "9": 0.9156666666666666,
    "10": 0.9193440428380187,
    "11": 0.9439862542955326
  }
}