{
  "classes": [
    "ants",
    "bees",
    "beetle",
    "catterpillar",
    "earthworms",
    "earwig",
    "grasshopper",
    "moth",
    "slug",
    "snail",
    "wasp",
    "weevil"
  ],
  "num_classes": 12,
  "best_val_acc": 29.3369663941871,
  "config": {
    "data_dir": "datasets",
    "model_save_path": "models/saved_models",
    "epochs": 30,
    "learning_rate": 0.001,
    "batch_size": 32,
    "img_size": 224
  },
  "training_history": {
    "train_acc": [
      11.177007299270073,
      11.473540145985401,
      13.731751824817518,
      14.758211678832117,
      14.89507299270073,
      15.031934306569344,
      15.761861313868613,
      15.647810218978103,
      17.19890510948905,
      16.697080291970803,
      19.59397810218978,
      19.616788321167885,
      20.392335766423358,
      21.78375912408759,
      21.14507299270073,
      22.331204379562045,
      23.289233576642335,
      23.33485401459854,
      23.54014598540146,
      23.357664233576642,
      23.9507299270073,
      26.25456204379562,
      24.543795620437955,
      25.09124087591241,
      24.749087591240876,
      26.003649635036496,
      26.414233576642335,
      26.16332116788321,
      25.570255474452555,
      25.912408759124087
    ],
    "val_acc": [
      13.805631244323342,
      13.533151680290645,
      17.34786557674841,
      21.071752951861942,
      19.164396003633062,
      20.16348773841962,
      21.25340599455041,
      21.25340599455041,
      22.434150772025433,
      22.615803814713896,
      22.615803814713896,
      23.614895549500453,
      25.24977293369664,
      25.522252497729337,
      25.794732061762033,
      24.341507720254313,
      25.794732061762033,
      24.704813805631243,
      27.06630336058129,
      26.158038147138964,
      27.52043596730245,
      27.702089009990917,
      25.9763851044505,
      28.15622161671208,
      29.3369663941871,
      27.157129881925524,
      28.51952770208901,
      28.337874659400544,
      28.337874659400544,
      28.792007266121708
    ],
    "train_loss": [
      2.480237920788953,
      2.467154269670918,
      2.438131323696053,
      2.4212552683196797,
      2.410260050836271,
      2.408497048120429,
      2.402880085645801,
      2.3952687639389594,
      2.379938861749468,
      2.3759893622711625,
      2.3400668593218725,
      2.3178545593345254,
      2.2978406857400047,
      2.2655294898652683,
      2.268961409582709,
      2.2428678439481415,
      2.23793707450811,
      2.2332601225289115,
      2.2215024267670014,
      2.2198350325118015,
      2.193884176929502,
      2.1699425921822986,
      2.172759750463667,
      2.1741743209588265,
      2.1771731994447916,
      2.158769897300832,
      2.147648402374156,
      2.1588609288208676,
      2.1543112923629093,
      2.156375783203292
    ],
    "val_loss": [
      2.4339482034955706,
      2.440343863623483,
      2.376718490464347,
      2.3230976819992066,
      2.3444966316223144,
      2.3112667969294955,
      2.3231968811580113,
      2.2916084596088955,
      2.2946942635944914,
      2.2854489053998677,
      2.2331097398485458,
      2.212437585421971,
      2.1399984836578367,
      2.1420378344399587,
      2.126263838154929,
      2.1159838267735074,
      2.121821871825627,
      2.117445124898638,
      2.0970319611685615,
      2.1009606565747942,
      2.0710365397589547,
      2.06866306747709,
      2.082229585306985,
      2.0575543301446095,
      2.055507562841688,
      2.048758442061288,
      2.029448756149837,
      2.0276985560144696,
      2.044162265743528,
      2.017977556160518
    ]
  },
  "model_type": "CustomCNN"
}