{
  "epochs": [
    1,
    2,
    3,
    4,
    5,
    6,
    7,
    8,
    9,
    10,
    11,
    12,
    13,
    14,
    15,
    16,
    17,
    18,
    19,
    20,
    21,
    22,
    23,
    24,
    25,
    26,
    27,
    28,
    29,
    30,
    31,
    32,
    33,
    34,
    35,
    36,
    37,
    38,
    39,
    40,
    41,
    42,
    43,
    44,
    45,
    46,
    47,
    48,
    49,
    50,
    51,
    52,
    53,
    54,
    55,
    56,
    57,
    58,
    59,
    60,
    61,
    62,
    63,
    64,
    65,
    66,
    67,
    68,
    69,
    70,
    71,
    72,
    73,
    74,
    75,
    76,
    77,
    78,
    79,
    80,
    81,
    82,
    83,
    84,
    85
  ],
  "train_accuracy": [
    8.933848887681961,
    9.77494865655899,
    10.025005787611008,
    11.09343022108078,
    10.93430295586586,
    12.843827903270721,
    13.321208953857422,
    14.889748394489288,
    15.708115696907043,
    17.776767909526825,
    17.253921926021576,
    18.458740413188934,
    19.731757044792175,
    20.891112089157104,
    19.777221977710724,
    21.004773676395416,
    20.55012434720993,
    22.846101224422455,
    22.45965003967285,
    23.209820687770844,
    23.61900359392166,
    24.982950091362,
    26.278698444366455,
    26.14230513572693,
    28.665605187416077,
    28.0972957611084,
    28.25642228126526,
    29.415777325630188,
    31.75721764564514,
    31.620824337005615,
    32.89383947849274,
    32.89383947849274,
    33.16662907600403,
    32.84837603569031,
    33.780404925346375,
    34.8715603351593,
    35.053420066833496,
    34.621503949165344,
    37.78131306171417,
    37.71311640739441,
    36.55376136302948,
    37.55398988723755,
    37.644919753074646,
    39.9863600730896,
    40.759262442588806,
    39.30438756942749,
    41.53216779232025,
    42.10047721862793,
    41.71402454376221,
    42.46419668197632,
    42.1459436416626,
    42.32780039310455,
    42.89611279964447,
    43.100705742836,
    44.10093128681183,
    43.80541145801544,
    43.25983226299286,
    43.57808530330658,
    45.305752754211426,
    44.873833656311035,
    45.80586552619934,
    45.57853937149048,
    45.26028633117676,
    45.80586552619934,
    46.21504843235016,
    45.237553119659424,
    47.05615043640137,
    46.57876789569855,
    46.39690816402435,
    48.07910919189453,
    48.306432366371155,
    48.60195517539978,
    48.12457263469696,
    47.91998267173767,
    48.39736223220825,
    48.53375852108002,
    47.69265651702881,
    48.420095443725586,
    48.9884078502655,
    48.64741861820221,
    47.39713668823242,
    48.17003905773163,
    49.76131021976471,
    48.53375852108002,
    49.35212433338165
  ],
  "validation_accuracy": [
    10.68493127822876,
    9.406393021345139,
    13.972602784633636,
    11.3242007791996,
    14.794521033763885,
    14.611871540546417,
    17.716895043849945,
    18.995434045791626,
    19.90867555141449,
    19.817352294921875,
    21.643835306167603,
    23.744292557239532,
    24.566209316253662,
    20.456621050834656,
    26.118722558021545,
    24.018265306949615,
    25.022831559181213,
    27.853882312774658,
    27.21461057662964,
    21.552512049674988,
    28.767123818397522,
    28.219178318977356,
    30.502283573150635,
    26.027396321296692,
    23.744292557239532,
    24.566209316253662,
    30.684930086135864,
    30.41096031665802,
    32.96803534030914,
    23.196347057819366,
    31.506848335266113,
    28.219178318977356,
    31.0502290725708,
    36.07305884361267,
    37.168949842453,
    33.33333432674408,
    30.59360682964325,
    37.808218598365784,
    38.63013684749603,
    36.52968108654022,
    27.579909563064575,
    34.24657583236694,
    33.424657583236694,
    33.60730707645416,
    36.71232759952545,
    33.97260308265686,
    37.99086809158325,
    44.38356161117554,
    28.49315106868744,
    39.26940560340881,
    40.365296602249146,
    37.5342458486557,
    31.141552329063416,
    37.442922592163086,
    39.1780823469162,
    37.07762658596039,
    39.81735110282898,
    40.18264710903168,
    39.26940560340881,
    44.47488486766815,
    41.09589159488678,
    42.19177961349487,
    42.19177961349487,
    40.73059260845184,
    41.004565358161926,
    42.19177961349487,
    39.81735110282898,
    41.46118760108948,
    39.908674359321594,
    39.726027846336365,
    41.46118760108948,
    41.46118760108948,
    40.45661985874176,
    41.36986434459686,
    40.27397334575653,
    40.91324210166931,
    41.73516035079956,
    39.726027846336365,
    43.744292855262756,
    43.926939368247986,
    43.19634735584259,
    42.37442910671234,
    43.744292855262756,
    40.73059260845184,
    42.37442910671234
  ],
  "train_loss": [
    3.2599291801452637,
    2.972356081008911,
    2.8316545486450195,
    2.731534481048584,
    2.683544874191284,
    2.584812641143799,
    2.5653183460235596,
    2.5068087577819824,
    2.456310987472534,
    2.4134435653686523,
    2.4083263874053955,
    2.365492582321167,
    2.346432685852051,
    2.306636095046997,
    2.3158276081085205,
    2.2957956790924072,
    2.282580614089966,
    2.2490007877349854,
    2.250478506088257,
    2.2445032596588135,
    2.224611282348633,
    2.194108724594116,
    2.168834686279297,
    2.1538407802581787,
    2.1157639026641846,
    2.121678590774536,
    2.077814817428589,
    2.068687677383423,
    2.0358736515045166,
    2.029933452606201,
    1.998014211654663,
    2.011183977127075,
    1.995720386505127,
    1.9708651304244995,
    1.962345838546753,
    1.940430760383606,
    1.931752324104309,
    1.92021644115448,
    1.888664960861206,
    1.8984689712524414,
    1.8776357173919678,
    1.8748738765716553,
    1.8791457414627075,
    1.7900655269622803,
    1.778738021850586,
    1.7896373271942139,
    1.7657142877578735,
    1.758197546005249,
    1.7478255033493042,
    1.7377817630767822,
    1.7394583225250244,
    1.7392250299453735,
    1.72294282913208,
    1.7208057641983032,
    1.709083080291748,
    1.6897661685943604,
    1.7054355144500732,
    1.6924195289611816,
    1.6484423875808716,
    1.6565113067626953,
    1.6356533765792847,
    1.6516169309616089,
    1.624569058418274,
    1.6358658075332642,
    1.6238471269607544,
    1.6337110996246338,
    1.6043802499771118,
    1.6224533319473267,
    1.6044856309890747,
    1.587043046951294,
    1.5920014381408691,
    1.5887161493301392,
    1.5964332818984985,
    1.5719119310379028,
    1.5840609073638916,
    1.5715914964675903,
    1.6014273166656494,
    1.5552382469177246,
    1.5608214139938354,
    1.5474591255187988,
    1.5761089324951172,
    1.5767993927001953,
    1.5483487844467163,
    1.5524133443832397,
    1.53768789768219
  ],